{
    "timestamp": "2025-10-05 23:02:15",
    "model_params": {
        "max_depth": 5,
        "eta": 0.1,
        "objective": "reg:squarederror",
        "random_state": 42
    },
    "train_metrics": {
        "mse": 0.1308355750401417,
        "rmse": 0.36171200566215894,
        "mae": 0.2793344630302825,
        "r2": 0.9768782612186508,
        "mape": 11135392467.235725
    },
    "test_metrics": {
        "mse": 0.8715527654588742,
        "rmse": 0.9335699038951899,
        "mae": 0.7010245392119835,
        "r2": 0.7381214220652901,
        "mape": 28478641366.809875
    },
    "feature_importance": {
        "feature_0": 0.0043866513296961784,
        "feature_1": 0.004423520527780056,
        "feature_2": 0.0005372097948566079,
        "feature_3": 0.012608949095010757,
        "feature_4": 0.03146174177527428,
        "feature_5": 0.0011041657999157906,
        "feature_6": 0.846426248550415,
        "feature_7": 0.002716626739129424,
        "feature_8": 0.003945691045373678,
        "feature_9": 0.005725480150431395,
        "feature_10": 0.007646726444363594,
        "feature_11": 0.004198067355901003,
        "feature_12": 0.0043360344134271145,
        "feature_13": 0.02876695804297924,
        "feature_14": 0.005412731785327196,
        "feature_15": 0.0052670822478830814,
        "feature_16": 0.007384174037724733,
        "feature_17": 0.004169100429862738,
        "feature_18": 0.004911650903522968,
        "feature_19": 0.006764942314475775,
        "feature_20": 0.007806165609508753
    }
}